[{"model": "account.emailconfirmation", "fields": {"key": "48pbxvkuipyzf6otnp1pcy2irad8bpa5rhkg1gke2fh2if33fqanvsefiiwooei1", "sent": "2015-08-04T20:08:08.873", "created": "2015-08-04T20:08:03.012", "email_address": 1}, "pk": 1}, {"model": "account.emailconfirmation", "fields": {"key": "mh2mtm7yh0okukqc6hc3guz22zttcgcr98nlpemub8vvv3hmk0xox54dglg6shrl", "sent": "2015-08-21T13:06:59.037", "created": "2015-08-21T13:06:53.572", "email_address": 2}, "pk": 2}, {"model": "account.emailconfirmation", "fields": {"key": "4ra5wr289zosdy3ugoyy6fbpl69gwpcovyug90vrgjjezoezn1catahjyifqy9sf", "sent": "2015-09-19T12:03:40.801", "created": "2015-09-19T12:03:34.620", "email_address": 3}, "pk": 3}, {"model": "account.emailconfirmation", "fields": {"key": "pwa9lepcty83mq2sri7bh7vm4pexsdzegiylohjm7g5pilazhxtaqn8wftql2m4d", "sent": "2015-09-23T13:46:58.367", "created": "2015-09-23T13:46:51.775", "email_address": 4}, "pk": 4}, {"model": "account.emailconfirmation", "fields": {"key": "r9qfvlfcqacrccveqimkgk4tcdh44kw7ndc3xngk07401pwyxizptqnu7azuq30b", "sent": "2015-09-23T15:26:05.311", "created": "2015-09-23T15:26:00.267", "email_address": 5}, "pk": 5}, {"model": "account.emailconfirmation", "fields": {"key": "6aqslxvus7g2gyo1cjnlafgzjuo13urgph90j1evxkrsl0ad8juk3dp1xiy7ijq6", "sent": "2015-09-24T09:07:20.303", "created": "2015-09-24T09:07:15.792", "email_address": 6}, "pk": 6}, {"model": "account.emailconfirmation", "fields": {"key": "lttzvebrygfo79uygzjltwx9lofqf84aiwhrw3fbjt4ycwydnucipgbjcnh8hlij", "sent": "2015-10-01T12:55:45.686", "created": "2015-10-01T12:55:41.286", "email_address": 7}, "pk": 7}, {"model": "account.emailconfirmation", "fields": {"key": "k5feksux1vnswfvaxtealnnaj7q9cabske8p685fhnerk4bnxenkml0ygfwrhdgi", "sent": "2015-10-15T20:28:13.883", "created": "2015-10-15T20:28:06.976", "email_address": 8}, "pk": 8}, {"model": "account.emailconfirmation", "fields": {"key": "rlmdyw55xymcswdvftmtx6pgeuijmayhzrfq8g48aq81a1z1ufwhcen60ubtenog", "sent": "2015-10-30T13:37:17.345", "created": "2015-10-30T13:37:12.761", "email_address": 9}, "pk": 9}, {"model": "account.emailconfirmation", "fields": {"key": "1te2mbsmzw0qojm8thqssktolqakwfqpr9ttgorveqkwlehvumgdsssn4rhvscv5", "sent": "2016-01-17T17:27:30.259", "created": "2016-01-17T17:27:23.924", "email_address": 10}, "pk": 10}, {"model": "account.emailconfirmation", "fields": {"key": "irnbvsdlynjafmfqicgd0bas1aha3rgghckkzw1icdx3ztkal3sppu3xnel7nim2", "sent": null, "created": "2016-02-01T14:05:14.947", "email_address": 11}, "pk": 11}, {"model": "account.emailconfirmation", "fields": {"key": "wtrrfrgegb9md0sterbo35ptqs41ep0tmgdxuxmcevcklvtzx1rjd0w2ksvzppnl", "sent": "2016-06-21T14:54:26.199", "created": "2016-06-21T14:54:20.140", "email_address": 12}, "pk": 12}, {"model": "account.emailconfirmation", "fields": {"key": "uigng1lunlhdkabp9gns5dzaak9bkw4aaizlm2jrkogvdpgceyczphdafyirooce", "sent": "2016-07-15T11:07:46.084", "created": "2016-07-15T11:07:40.596", "email_address": 13}, "pk": 13}, {"model": "account.emailconfirmation", "fields": {"key": "ykyk3tqpxfazqyairavncwtwpexy8wki0nmzcjyr51z07n7j3ynh7orenawzsg7y", "sent": "2016-08-09T19:22:11.679", "created": "2016-08-09T19:22:06.246", "email_address": 15}, "pk": 14}, {"model": "account.emailconfirmation", "fields": {"key": "nju6g2vwczwwopsjrcr49abw1wjh4dzvd6o5tl8yt1cecajbisuuteqwpspuqpxv", "sent": "2016-08-09T19:22:53.087", "created": "2016-08-09T19:22:48.722", "email_address": 16}, "pk": 15}, {"model": "account.emailconfirmation", "fields": {"key": "rgyfxiicqlodttpabgw0zucl3fpkoi00aiijpkc2qe3c4kgik3kaborigp1bvtfy", "sent": "2016-08-09T19:24:37.997", "created": "2016-08-09T19:24:33.877", "email_address": 17}, "pk": 16}, {"model": "account.emailconfirmation", "fields": {"key": "y79wqxtac1c8ndi5eal5peexqbtfrqu3alorijdipc6ijv1angmditt1ffblxbkm", "sent": "2016-08-09T19:37:40.605", "created": "2016-08-09T19:37:35.603", "email_address": 18}, "pk": 17}, {"model": "account.emailconfirmation", "fields": {"key": "1dpubglc8ga9qynk9rwu44lyrmafbdcv4hb5qjndtaagah9ss7tthqkk2izqe02g", "sent": "2016-08-13T08:24:26.231", "created": "2016-08-13T08:24:20.636", "email_address": 19}, "pk": 18}, {"model": "account.emailconfirmation", "fields": {"key": "zd6essfo1pqjihsencgriijfnqo3itp7yzyiegmnjandsfn16luvl3vzdciltecm", "sent": "2016-08-16T15:22:10.037", "created": "2016-08-16T15:22:04.595", "email_address": 20}, "pk": 19}, {"model": "account.emailconfirmation", "fields": {"key": "z7zakp13kzdfwbja7nuemcaqk2upyndybf4ghexaru5h7lolh6tvpu3ngomqwuzd", "sent": "2016-09-01T04:45:58.847", "created": "2016-09-01T04:45:53.929", "email_address": 21}, "pk": 20}, {"model": "account.emailconfirmation", "fields": {"key": "7kyawmghu2sbbma9frppw4j7aywqq8iupdrguxs8moiimh7ijqrltkwfar4o6nkj", "sent": "2016-09-06T18:50:46.933", "created": "2016-09-06T18:50:40.315", "email_address": 22}, "pk": 21}, {"model": "account.emailconfirmation", "fields": {"key": "xchf4rij3o4eszpfgp7prscsvfp8upjktjl8vwjqypecwofbdwhvizd3zoasu7zi", "sent": "2016-09-20T15:19:21.099", "created": "2016-09-20T15:19:15.576", "email_address": 23}, "pk": 22}, {"model": "account.emailconfirmation", "fields": {"key": "ox4ejtakr9rvar8sislefwkzybulahvmeryzrkilarhtloqvq7ukkazzfgclk2lb", "sent": "2016-09-29T12:22:06.944", "created": "2016-09-29T12:21:56.462", "email_address": 24}, "pk": 23}, {"model": "account.emailconfirmation", "fields": {"key": "3zlljvdngvm1kitwqsxfmpsarztqi6c2asdaa2apw7m5cqrvbp4kaw7u2rmki7yt", "sent": "2016-09-30T15:15:05.860", "created": "2016-09-30T15:14:58.366", "email_address": 25}, "pk": 24}, {"model": "account.emailconfirmation", "fields": {"key": "9fse6gwyxt8m3himkopw9rqegtkemhgcxxedpyelf7mmczqww1ez1kylbhasarrd", "sent": "2016-11-08T10:31:47.871", "created": "2016-11-08T10:31:42.795", "email_address": 26}, "pk": 25}, {"model": "account.emailconfirmation", "fields": {"key": "kvokxub7atpjm9uakpspl2khklxbh0g08akdalg63xta4i0afvcvo1h9a1xaymkw", "sent": "2016-11-08T14:47:15.766", "created": "2016-11-08T14:47:12.694", "email_address": 27}, "pk": 26}, {"model": "account.emailconfirmation", "fields": {"key": "b7ob0zurdcmyqfj5o95aayddybxnrxzckprnqzdftlj8v6wzzbc9whvq5hhqexoj", "sent": "2016-11-28T16:24:55.647", "created": "2016-11-28T16:24:50.814", "email_address": 28}, "pk": 27}, {"model": "account.emailconfirmation", "fields": {"key": "yptgooneev4kt8osohce7ebva2u2rtfldhjh9dwvp6ckxlhmcjmn66xhuxg7myrc", "sent": "2016-12-05T17:56:51.083", "created": "2016-12-05T17:56:44.296", "email_address": 29}, "pk": 28}, {"model": "auth.permission", "fields": {"name": "Can add log entry", "codename": "add_logentry", "content_type": 1}, "pk": 1}, {"model": "auth.permission", "fields": {"name": "Can change log entry", "codename": "change_logentry", "content_type": 1}, "pk": 2}, {"model": "auth.permission", "fields": {"name": "Can delete log entry", "codename": "delete_logentry", "content_type": 1}, "pk": 3}, {"model": "auth.permission", "fields": {"name": "Can add permission", "codename": "add_permission", "content_type": 2}, "pk": 4}, {"model": "auth.permission", "fields": {"name": "Can change permission", "codename": "change_permission", "content_type": 2}, "pk": 5}, {"model": "auth.permission", "fields": {"name": "Can delete permission", "codename": "delete_permission", "content_type": 2}, "pk": 6}, {"model": "auth.permission", "fields": {"name": "Can add group", "codename": "add_group", "content_type": 3}, "pk": 7}, {"model": "auth.permission", "fields": {"name": "Can change group", "codename": "change_group", "content_type": 3}, "pk": 8}, {"model": "auth.permission", "fields": {"name": "Can delete group", "codename": "delete_group", "content_type": 3}, "pk": 9}, {"model": "auth.permission", "fields": {"name": "Can add user", "codename": "add_user", "content_type": 4}, "pk": 10}, {"model": "auth.permission", "fields": {"name": "Can change user", "codename": "change_user", "content_type": 4}, "pk": 11}, {"model": "auth.permission", "fields": {"name": "Can delete user", "codename": "delete_user", "content_type": 4}, "pk": 12}, {"model": "auth.permission", "fields": {"name": "Can add content type", "codename": "add_contenttype", "content_type": 5}, "pk": 13}, {"model": "auth.permission", "fields": {"name": "Can change content type", "codename": "change_contenttype", "content_type": 5}, "pk": 14}, {"model": "auth.permission", "fields": {"name": "Can delete content type", "codename": "delete_contenttype", "content_type": 5}, "pk": 15}, {"model": "auth.permission", "fields": {"name": "Can add session", "codename": "add_session", "content_type": 6}, "pk": 16}, {"model": "auth.permission", "fields": {"name": "Can change session", "codename": "change_session", "content_type": 6}, "pk": 17}, {"model": "auth.permission", "fields": {"name": "Can delete session", "codename": "delete_session", "content_type": 6}, "pk": 18}, {"model": "auth.permission", "fields": {"name": "Can add site", "codename": "add_site", "content_type": 7}, "pk": 19}, {"model": "auth.permission", "fields": {"name": "Can change site", "codename": "change_site", "content_type": 7}, "pk": 20}, {"model": "auth.permission", "fields": {"name": "Can delete site", "codename": "delete_site", "content_type": 7}, "pk": 21}, {"model": "auth.permission", "fields": {"name": "Can add email address", "codename": "add_emailaddress", "content_type": 8}, "pk": 22}, {"model": "auth.permission", "fields": {"name": "Can change email address", "codename": "change_emailaddress", "content_type": 8}, "pk": 23}, {"model": "auth.permission", "fields": {"name": "Can delete email address", "codename": "delete_emailaddress", "content_type": 8}, "pk": 24}, {"model": "auth.permission", "fields": {"name": "Can add email confirmation", "codename": "add_emailconfirmation", "content_type": 9}, "pk": 25}, {"model": "auth.permission", "fields": {"name": "Can change email confirmation", "codename": "change_emailconfirmation", "content_type": 9}, "pk": 26}, {"model": "auth.permission", "fields": {"name": "Can delete email confirmation", "codename": "delete_emailconfirmation", "content_type": 9}, "pk": 27}, {"model": "auth.permission", "fields": {"name": "Can add social application", "codename": "add_socialapp", "content_type": 10}, "pk": 28}, {"model": "auth.permission", "fields": {"name": "Can change social application", "codename": "change_socialapp", "content_type": 10}, "pk": 29}, {"model": "auth.permission", "fields": {"name": "Can delete social application", "codename": "delete_socialapp", "content_type": 10}, "pk": 30}, {"model": "auth.permission", "fields": {"name": "Can add social account", "codename": "add_socialaccount", "content_type": 11}, "pk": 31}, {"model": "auth.permission", "fields": {"name": "Can change social account", "codename": "change_socialaccount", "content_type": 11}, "pk": 32}, {"model": "auth.permission", "fields": {"name": "Can delete social account", "codename": "delete_socialaccount", "content_type": 11}, "pk": 33}, {"model": "auth.permission", "fields": {"name": "Can add social application token", "codename": "add_socialtoken", "content_type": 12}, "pk": 34}, {"model": "auth.permission", "fields": {"name": "Can change social application token", "codename": "change_socialtoken", "content_type": 12}, "pk": 35}, {"model": "auth.permission", "fields": {"name": "Can delete social application token", "codename": "delete_socialtoken", "content_type": 12}, "pk": 36}, {"model": "auth.permission", "fields": {"name": "Can add task state", "codename": "add_taskmeta", "content_type": 13}, "pk": 37}, {"model": "auth.permission", "fields": {"name": "Can change task state", "codename": "change_taskmeta", "content_type": 13}, "pk": 38}, {"model": "auth.permission", "fields": {"name": "Can delete task state", "codename": "delete_taskmeta", "content_type": 13}, "pk": 39}, {"model": "auth.permission", "fields": {"name": "Can add saved group result", "codename": "add_tasksetmeta", "content_type": 14}, "pk": 40}, {"model": "auth.permission", "fields": {"name": "Can change saved group result", "codename": "change_tasksetmeta", "content_type": 14}, "pk": 41}, {"model": "auth.permission", "fields": {"name": "Can delete saved group result", "codename": "delete_tasksetmeta", "content_type": 14}, "pk": 42}, {"model": "auth.permission", "fields": {"name": "Can add interval", "codename": "add_intervalschedule", "content_type": 15}, "pk": 43}, {"model": "auth.permission", "fields": {"name": "Can change interval", "codename": "change_intervalschedule", "content_type": 15}, "pk": 44}, {"model": "auth.permission", "fields": {"name": "Can delete interval", "codename": "delete_intervalschedule", "content_type": 15}, "pk": 45}, {"model": "auth.permission", "fields": {"name": "Can add crontab", "codename": "add_crontabschedule", "content_type": 16}, "pk": 46}, {"model": "auth.permission", "fields": {"name": "Can change crontab", "codename": "change_crontabschedule", "content_type": 16}, "pk": 47}, {"model": "auth.permission", "fields": {"name": "Can delete crontab", "codename": "delete_crontabschedule", "content_type": 16}, "pk": 48}, {"model": "auth.permission", "fields": {"name": "Can add periodic tasks", "codename": "add_periodictasks", "content_type": 17}, "pk": 49}, {"model": "auth.permission", "fields": {"name": "Can change periodic tasks", "codename": "change_periodictasks", "content_type": 17}, "pk": 50}, {"model": "auth.permission", "fields": {"name": "Can delete periodic tasks", "codename": "delete_periodictasks", "content_type": 17}, "pk": 51}, {"model": "auth.permission", "fields": {"name": "Can add periodic task", "codename": "add_periodictask", "content_type": 18}, "pk": 52}, {"model": "auth.permission", "fields": {"name": "Can change periodic task", "codename": "change_periodictask", "content_type": 18}, "pk": 53}, {"model": "auth.permission", "fields": {"name": "Can delete periodic task", "codename": "delete_periodictask", "content_type": 18}, "pk": 54}, {"model": "auth.permission", "fields": {"name": "Can add worker", "codename": "add_workerstate", "content_type": 19}, "pk": 55}, {"model": "auth.permission", "fields": {"name": "Can change worker", "codename": "change_workerstate", "content_type": 19}, "pk": 56}, {"model": "auth.permission", "fields": {"name": "Can delete worker", "codename": "delete_workerstate", "content_type": 19}, "pk": 57}, {"model": "auth.permission", "fields": {"name": "Can add task", "codename": "add_taskstate", "content_type": 20}, "pk": 58}, {"model": "auth.permission", "fields": {"name": "Can change task", "codename": "change_taskstate", "content_type": 20}, "pk": 59}, {"model": "auth.permission", "fields": {"name": "Can delete task", "codename": "delete_taskstate", "content_type": 20}, "pk": 60}, {"model": "auth.permission", "fields": {"name": "Can add key map", "codename": "add_keymap", "content_type": 21}, "pk": 61}, {"model": "auth.permission", "fields": {"name": "Can change key map", "codename": "change_keymap", "content_type": 21}, "pk": 62}, {"model": "auth.permission", "fields": {"name": "Can delete key map", "codename": "delete_keymap", "content_type": 21}, "pk": 63}, {"model": "auth.permission", "fields": {"name": "Can add queue", "codename": "add_queue", "content_type": 22}, "pk": 64}, {"model": "auth.permission", "fields": {"name": "Can change queue", "codename": "change_queue", "content_type": 22}, "pk": 65}, {"model": "auth.permission", "fields": {"name": "Can delete queue", "codename": "delete_queue", "content_type": 22}, "pk": 66}, {"model": "auth.permission", "fields": {"name": "Can add message", "codename": "add_message", "content_type": 23}, "pk": 67}, {"model": "auth.permission", "fields": {"name": "Can change message", "codename": "change_message", "content_type": 23}, "pk": 68}, {"model": "auth.permission", "fields": {"name": "Can delete message", "codename": "delete_message", "content_type": 23}, "pk": 69}, {"model": "auth.permission", "fields": {"name": "Can add user group", "codename": "add_usergroup", "content_type": 24}, "pk": 70}, {"model": "auth.permission", "fields": {"name": "Can change user group", "codename": "change_usergroup", "content_type": 24}, "pk": 71}, {"model": "auth.permission", "fields": {"name": "Can delete user group", "codename": "delete_usergroup", "content_type": 24}, "pk": 72}, {"model": "auth.permission", "fields": {"name": "Can add individual", "codename": "add_individual", "content_type": 25}, "pk": 73}, {"model": "auth.permission", "fields": {"name": "Can change individual", "codename": "change_individual", "content_type": 25}, "pk": 74}, {"model": "auth.permission", "fields": {"name": "Can delete individual", "codename": "delete_individual", "content_type": 25}, "pk": 75}, {"model": "auth.permission", "fields": {"name": "Can add group", "codename": "add_group", "content_type": 26}, "pk": 76}, {"model": "auth.permission", "fields": {"name": "Can change group", "codename": "change_group", "content_type": 26}, "pk": 77}, {"model": "auth.permission", "fields": {"name": "Can delete group", "codename": "delete_group", "content_type": 26}, "pk": 78}, {"model": "auth.permission", "fields": {"name": "Can add control group", "codename": "add_controlgroup", "content_type": 27}, "pk": 79}, {"model": "auth.permission", "fields": {"name": "Can change control group", "codename": "change_controlgroup", "content_type": 27}, "pk": 80}, {"model": "auth.permission", "fields": {"name": "Can delete control group", "codename": "delete_controlgroup", "content_type": 27}, "pk": 81}, {"model": "auth.permission", "fields": {"name": "Can add control variant", "codename": "add_controlvariant", "content_type": 28}, "pk": 82}, {"model": "auth.permission", "fields": {"name": "Can change control variant", "codename": "change_controlvariant", "content_type": 28}, "pk": 83}, {"model": "auth.permission", "fields": {"name": "Can delete control variant", "codename": "delete_controlvariant", "content_type": 28}, "pk": 84}, {"model": "auth.permission", "fields": {"name": "Can add variant", "codename": "add_variant", "content_type": 29}, "pk": 85}, {"model": "auth.permission", "fields": {"name": "Can change variant", "codename": "change_variant", "content_type": 29}, "pk": 86}, {"model": "auth.permission", "fields": {"name": "Can delete variant", "codename": "delete_variant", "content_type": 29}, "pk": 87}, {"model": "auth.permission", "fields": {"name": "Can add disease", "codename": "add_disease", "content_type": 30}, "pk": 88}, {"model": "auth.permission", "fields": {"name": "Can change disease", "codename": "change_disease", "content_type": 30}, "pk": 89}, {"model": "auth.permission", "fields": {"name": "Can delete disease", "codename": "delete_disease", "content_type": 30}, "pk": 90}, {"model": "auth.permission", "fields": {"name": "Can add gene", "codename": "add_gene", "content_type": 31}, "pk": 91}, {"model": "auth.permission", "fields": {"name": "Can change gene", "codename": "change_gene", "content_type": 31}, "pk": 92}, {"model": "auth.permission", "fields": {"name": "Can delete gene", "codename": "delete_gene", "content_type": 31}, "pk": 93}, {"model": "auth.permission", "fields": {"name": "Can add hgmd phenotype", "codename": "add_hgmdphenotype", "content_type": 32}, "pk": 94}, {"model": "auth.permission", "fields": {"name": "Can change hgmd phenotype", "codename": "change_hgmdphenotype", "content_type": 32}, "pk": 95}, {"model": "auth.permission", "fields": {"name": "Can delete hgmd phenotype", "codename": "delete_hgmdphenotype", "content_type": 32}, "pk": 96}, {"model": "auth.permission", "fields": {"name": "Can add hgmd gene", "codename": "add_hgmdgene", "content_type": 33}, "pk": 97}, {"model": "auth.permission", "fields": {"name": "Can change hgmd gene", "codename": "change_hgmdgene", "content_type": 33}, "pk": 98}, {"model": "auth.permission", "fields": {"name": "Can delete hgmd gene", "codename": "delete_hgmdgene", "content_type": 33}, "pk": 99}, {"model": "auth.permission", "fields": {"name": "Can add hgmd mutation", "codename": "add_hgmdmutation", "content_type": 34}, "pk": 100}, {"model": "auth.permission", "fields": {"name": "Can change hgmd mutation", "codename": "change_hgmdmutation", "content_type": 34}, "pk": 101}, {"model": "auth.permission", "fields": {"name": "Can delete hgmd mutation", "codename": "delete_hgmdmutation", "content_type": 34}, "pk": 102}, {"model": "auth.permission", "fields": {"name": "Can add gene", "codename": "add_gene", "content_type": 35}, "pk": 103}, {"model": "auth.permission", "fields": {"name": "Can change gene", "codename": "change_gene", "content_type": 35}, "pk": 104}, {"model": "auth.permission", "fields": {"name": "Can delete gene", "codename": "delete_gene", "content_type": 35}, "pk": 105}, {"model": "auth.permission", "fields": {"name": "Can add gene category", "codename": "add_genecategory", "content_type": 36}, "pk": 106}, {"model": "auth.permission", "fields": {"name": "Can change gene category", "codename": "change_genecategory", "content_type": 36}, "pk": 107}, {"model": "auth.permission", "fields": {"name": "Can delete gene category", "codename": "delete_genecategory", "content_type": 36}, "pk": 108}, {"model": "auth.permission", "fields": {"name": "Can add membership", "codename": "add_membership", "content_type": 37}, "pk": 109}, {"model": "auth.permission", "fields": {"name": "Can change membership", "codename": "change_membership", "content_type": 37}, "pk": 110}, {"model": "auth.permission", "fields": {"name": "Can delete membership", "codename": "delete_membership", "content_type": 37}, "pk": 111}, {"model": "auth.permission", "fields": {"name": "Can add gene group", "codename": "add_genegroup", "content_type": 38}, "pk": 112}, {"model": "auth.permission", "fields": {"name": "Can change gene group", "codename": "change_genegroup", "content_type": 38}, "pk": 113}, {"model": "auth.permission", "fields": {"name": "Can delete gene group", "codename": "delete_genegroup", "content_type": 38}, "pk": 114}, {"model": "auth.permission", "fields": {"name": "Can add go term", "codename": "add_goterm", "content_type": 39}, "pk": 115}, {"model": "auth.permission", "fields": {"name": "Can change go term", "codename": "change_goterm", "content_type": 39}, "pk": 116}, {"model": "auth.permission", "fields": {"name": "Can delete go term", "codename": "delete_goterm", "content_type": 39}, "pk": 117}, {"model": "auth.permission", "fields": {"name": "Can add manifestation", "codename": "add_manifestation", "content_type": 40}, "pk": 118}, {"model": "auth.permission", "fields": {"name": "Can change manifestation", "codename": "change_manifestation", "content_type": 40}, "pk": 119}, {"model": "auth.permission", "fields": {"name": "Can delete manifestation", "codename": "delete_manifestation", "content_type": 40}, "pk": 120}, {"model": "auth.permission", "fields": {"name": "Can add intervention", "codename": "add_intervention", "content_type": 41}, "pk": 121}, {"model": "auth.permission", "fields": {"name": "Can change intervention", "codename": "change_intervention", "content_type": 41}, "pk": 122}, {"model": "auth.permission", "fields": {"name": "Can delete intervention", "codename": "delete_intervention", "content_type": 41}, "pk": 123}, {"model": "auth.permission", "fields": {"name": "Can add cgd condition", "codename": "add_cgdcondition", "content_type": 42}, "pk": 124}, {"model": "auth.permission", "fields": {"name": "Can change cgd condition", "codename": "change_cgdcondition", "content_type": 42}, "pk": 125}, {"model": "auth.permission", "fields": {"name": "Can delete cgd condition", "codename": "delete_cgdcondition", "content_type": 42}, "pk": 126}, {"model": "auth.permission", "fields": {"name": "Can add cgd entry", "codename": "add_cgdentry", "content_type": 43}, "pk": 127}, {"model": "auth.permission", "fields": {"name": "Can change cgd entry", "codename": "change_cgdentry", "content_type": 43}, "pk": 128}, {"model": "auth.permission", "fields": {"name": "Can delete cgd entry", "codename": "delete_cgdentry", "content_type": 43}, "pk": 129}, {"model": "auth.permission", "fields": {"name": "Can add gene list", "codename": "add_genelist", "content_type": 44}, "pk": 130}, {"model": "auth.permission", "fields": {"name": "Can change gene list", "codename": "change_genelist", "content_type": 44}, "pk": 131}, {"model": "auth.permission", "fields": {"name": "Can delete gene list", "codename": "delete_genelist", "content_type": 44}, "pk": 132}, {"model": "auth.permission", "fields": {"name": "Can add case", "codename": "add_case", "content_type": 45}, "pk": 133}, {"model": "auth.permission", "fields": {"name": "Can change case", "codename": "change_case", "content_type": 45}, "pk": 134}, {"model": "auth.permission", "fields": {"name": "Can delete case", "codename": "delete_case", "content_type": 45}, "pk": 135}, {"model": "auth.permission", "fields": {"name": "Can add filter analysis", "codename": "add_filteranalysis", "content_type": 46}, "pk": 136}, {"model": "auth.permission", "fields": {"name": "Can change filter analysis", "codename": "change_filteranalysis", "content_type": 46}, "pk": 137}, {"model": "auth.permission", "fields": {"name": "Can delete filter analysis", "codename": "delete_filteranalysis", "content_type": 46}, "pk": 138}, {"model": "auth.permission", "fields": {"name": "Can add family filter analysis", "codename": "add_familyfilteranalysis", "content_type": 47}, "pk": 139}, {"model": "auth.permission", "fields": {"name": "Can change family filter analysis", "codename": "change_familyfilteranalysis", "content_type": 47}, "pk": 140}, {"model": "auth.permission", "fields": {"name": "Can delete family filter analysis", "codename": "delete_familyfilteranalysis", "content_type": 47}, "pk": 141}, {"model": "auth.permission", "fields": {"name": "Can add filter config", "codename": "add_filterconfig", "content_type": 48}, "pk": 142}, {"model": "auth.permission", "fields": {"name": "Can change filter config", "codename": "change_filterconfig", "content_type": 48}, "pk": 143}, {"model": "auth.permission", "fields": {"name": "Can delete filter config", "codename": "delete_filterconfig", "content_type": 48}, "pk": 144}, {"model": "auth.permission", "fields": {"name": "Can add pathway", "codename": "add_pathway", "content_type": 49}, "pk": 145}, {"model": "auth.permission", "fields": {"name": "Can change pathway", "codename": "change_pathway", "content_type": 49}, "pk": 146}, {"model": "auth.permission", "fields": {"name": "Can delete pathway", "codename": "delete_pathway", "content_type": 49}, "pk": 147}, {"model": "auth.permission", "fields": {"name": "Can add vari snp", "codename": "add_varisnp", "content_type": 50}, "pk": 148}, {"model": "auth.permission", "fields": {"name": "Can change vari snp", "codename": "change_varisnp", "content_type": 50}, "pk": 149}, {"model": "auth.permission", "fields": {"name": "Can delete vari snp", "codename": "delete_varisnp", "content_type": 50}, "pk": 150}, {"model": "auth.user", "fields": {"is_superuser": true, "is_staff": true, "date_joined": "2015-08-04T13:16:08.227", "username": "raony", "email": "raonyguimaraes@gmail.com", "last_login": "2016-12-14T08:07:49.034", "password": "pbkdf2_sha256$20000$aXoKSUs2LWnm$i+tEBu8gQe94eJe10cYwED56i7v6XSOlkZkHqS3RADY=", "user_permissions": [], "first_name": "", "last_name": "", "groups": [], "is_active": true}, "pk": 1}, {"model": "auth.user", "fields": {"is_superuser": false, "is_staff": true, "date_joined": "2015-08-04T19:23:50", "username": "sdpena", "email": "sdpena@gmail.com", "last_login": "2016-12-12T16:49:54.022", "password": "pbkdf2_sha256$20000$R8a6Wj9FwrfL$czad/Xl2v0gs2twMTSPVObyAvUynK4LGh/liKQM+Qo4=", "user_permissions": [], "first_name": "Sergio", "last_name": "Pena", "groups": [], "is_active": true}, "pk": 2}, {"model": "auth.user", "fields": {"is_superuser": false, "is_staff": false, "date_joined": "2015-08-04T20:08:02.873", "username": "natalia", "email": "nataliaduli@yahoo.com.br", "last_login": "2016-11-26T13:06:30.502", "password": "pbkdf2_sha256$20000$Uhd3xmyeXglx$tHWqnkNzPPRXGHSoeDVLhdpldC9ZHr8WhI08PGWck3c=", "user_permissions": [], "first_name": "", "last_name": "", "groups": [], "is_active": true}, "pk": 3}, {"model": "auth.user", "fields": {"is_superuser": false, "is_staff": false, "date_joined": "2015-08-21T13:06:53.431", "username": "fersoardi", "email": "fersoardi@gmail.com", "last_login": "2016-10-11T10:26:52.878", "password": "pbkdf2_sha256$20000$KuPn7dKRw2Hg$p9VJkpRpbQCzpjzUV28c4i9rLsO6UC45RV9ijnZvnDI=", "user_permissions": [], "first_name": "", "last_name": "", "groups": [], "is_active": true}, "pk": 4}, {"model": "auth.user", "fields": {"is_superuser": false, "is_staff": false, "date_joined": "2015-09-19T12:03:34.429", "username": "cebi2015", "email": "raonyguimaraes+1@gmail.com", "last_login": "2015-09-19T12:07:39.972", "password": "pbkdf2_sha256$20000$b8qbRkzBHAm9$1GBJOMk0UgZ8RgpMzu4WGVmdi7WmTL+mTwklTi3vNgY=", "user_permissions": [], "first_name": "", "last_name": "", "groups": [], "is_active": true}, "pk": 5}, {"model": "auth.user", "fields": {"is_superuser": false, "is_staff": false, "date_joined": "2015-09-23T13:46:51.615", "username": "patriciagpcouto", "email": "patgpcouto@hotmail.com", "last_login": "2016-11-29T16:40:20.499", "password": "pbkdf2_sha256$20000$BnlqR6wheay9$KyVH4wGYtE1X9+JAMHbQj//tawi4z+QhYJmzCcz6N6o=", "user_permissions": [], "first_name": "", "last_name": "", "groups": [], "is_active": true}, "pk": 6}, {"model": "auth.user", "fields": {"is_superuser": false, "is_staff": false, "date_joined": "2015-09-23T15:26:00.124", "username": "flaviammelo", "email": "flaviammelo@gmail.com", "last_login": "2016-04-18T22:25:53.002", "password": "pbkdf2_sha256$20000$lIax9tzTlxV1$ApE9GFkENPDlJkn42RTTSH4JYITdEX5STNGjqNYYJ4Y=", "user_permissions": [], "first_name": "", "last_name": "", "groups": [], "is_active": true}, "pk": 7}, {"model": "auth.user", "fields": {"is_superuser": false, "is_staff": false, "date_joined": "2015-09-24T09:07:15.705", "username": "D\u00e9bora", "email": "moraesdeborac@gmail.com", "last_login": "2016-05-20T14:02:00.126", "password": "pbkdf2_sha256$20000$VwRfe4A0siF1$WgHsLk7iRKNnYtwrWRU8NBtlolanQ6JiNkAEqPYhF6M=", "user_permissions": [], "first_name": "", "last_name": "", "groups": [], "is_active": true}, "pk": 8}, {"model": "auth.user", "fields": {"is_superuser": false, "is_staff": false, "date_joined": "2015-10-01T12:55:41.006", "username": "Debora", "email": "debora.m.miranda@gmail.com", "last_login": "2015-10-01T12:55:45.714", "password": "pbkdf2_sha256$20000$n0TeRn2Wl5CB$pkd3e9MdzDu/gm5KwL2rxV5KiMoFLHpfvCC/qlNgyVY=", "user_permissions": [], "first_name": "", "last_name": "", "groups": [], "is_active": true}, "pk": 9}, {"model": "auth.user", "fields": {"is_superuser": false, "is_staff": false, "date_joined": "2015-10-15T20:28:06.805", "username": "acssjr", "email": "acssjunior@hotmail.com", "last_login": "2016-06-19T19:06:53.493", "password": "pbkdf2_sha256$20000$6zhUWSyBgg52$SSiM6MeoaizQr4Q3YbXXmnOKmyMkqh4xJrL99NIgGu8=", "user_permissions": [], "first_name": "", "last_name": "", "groups": [], "is_active": true}, "pk": 10}, {"model": "auth.user", "fields": {"is_superuser": false, "is_staff": false, "date_joined": "2015-10-30T13:37:12.643", "username": "Augusto", "email": "acssjr@gmail.com", "last_login": "2015-10-30T13:37:17.358", "password": "pbkdf2_sha256$20000$vtEUxQjgecz8$QZJUsyA2b5OsuA8J1zA24dfJ8daXN9Qe4P0f/Mnim+g=", "user_permissions": [], "first_name": "", "last_name": "", "groups": [], "is_active": true}, "pk": 11}, {"model": "auth.user", "fields": {"is_superuser": false, "is_staff": false, "date_joined": "2016-01-17T16:56:44", "username": "jill", "email": "jillian.casey@ucd.ie", "last_login": "2016-09-18T06:44:28.433", "password": "pbkdf2_sha256$20000$2odHe4QjxlTF$W6vWMi/5Xyk2uZ5Rtwt9tMP4glau+D2eoJbgnS9HoyY=", "user_permissions": [], "first_name": "", "last_name": "", "groups": [], "is_active": true}, "pk": 12}, {"model": "auth.user", "fields": {"is_superuser": false, "is_staff": false, "date_joined": "2016-02-01T14:05:14.773", "username": "paulovini.pg@gmail.com", "email": "paulovini.pg@gmail.com", "last_login": "2016-02-01T14:12:29.080", "password": "pbkdf2_sha256$20000$2xGDhlzGfSQe$xLivwLpIpTIpYGw7S0vBMvNoPqJhk6oLqgQA62k5NDg=", "user_permissions": [], "first_name": "", "last_name": "", "groups": [], "is_active": true}, "pk": 13}, {"model": "auth.user", "fields": {"is_superuser": false, "is_staff": false, "date_joined": "2016-02-08T16:01:30.706", "username": "julianaschauren@gmail.com", "email": "", "last_login": "2016-02-08T16:01:30.827", "password": "pbkdf2_sha256$20000$CWaVRGigmMWd$aTjseV0c8drzBePllZpZXLqIAfdTn80e8SIZQcTUt7U=", "user_permissions": [], "first_name": "", "last_name": "", "groups": [], "is_active": true}, "pk": 14}, {"model": "auth.user", "fields": {"is_superuser": false, "is_staff": false, "date_joined": "2016-02-19T12:00:12.433", "username": "delvaleao", "email": "", "last_login": "2016-02-19T12:00:12.588", "password": "pbkdf2_sha256$20000$cHU9AAOK2Vuo$ftVWnX+Uyxr3fvMUgElWx5QcbfzAv9Bz5nOUGl4fFgg=", "user_permissions": [], "first_name": "", "last_name": "", "groups": [], "is_active": true}, "pk": 15}, {"model": "auth.user", "fields": {"is_superuser": false, "is_staff": false, "date_joined": "2016-05-24T12:35:53", "username": "cintia", "email": "cbs@pq.cnpq.br", "last_login": "2016-06-03T08:59:53.496", "password": "pbkdf2_sha256$20000$yb7rOj4PCdvj$Kppri08O1oPnxtQBeGdDDBkt2fsu+M6obiRVrikwADQ=", "user_permissions": [], "first_name": "C\u00edntia", "last_name": "Barros Santos-Rebou\u00e7as", "groups": [], "is_active": true}, "pk": 16}, {"model": "auth.user", "fields": {"is_superuser": false, "is_staff": false, "date_joined": "2016-06-21T14:54:19.408", "username": "rodrigoalmeida", "email": "rodrigoalmeida@ufpr.br", "last_login": "2016-06-21T14:54:26.256", "password": "pbkdf2_sha256$20000$t5vzAHK0ZujQ$uX1ByaKFAyoCSnPyHZwn7HrhCHMlD5mrlB9qWm42teY=", "user_permissions": [], "first_name": "", "last_name": "", "groups": [], "is_active": true}, "pk": 17}, {"model": "auth.user", "fields": {"is_superuser": false, "is_staff": false, "date_joined": "2016-06-22T10:27:05.915", "username": "abovs", "email": "", "last_login": "2016-06-22T10:27:06.095", "password": "pbkdf2_sha256$20000$kmTkg9pSsPP2$nIJ5LTs3WOY7/3hXi/+burAOTKRhUJi6TkdJA8vTtK4=", "user_permissions": [], "first_name": "", "last_name": "", "groups": [], "is_active": true}, "pk": 18}, {"model": "auth.user", "fields": {"is_superuser": false, "is_staff": false, "date_joined": "2016-07-15T11:07:38", "username": "etoh", "email": "eoghan.ohalloran2@mail.dcu.ie", "last_login": "2016-09-07T07:30:39.570", "password": "pbkdf2_sha256$20000$49pGLTKO8j5R$l+hPr1dcct3mPjxp7niMfyPkM7BVGR2C/P8sAo8eJGc=", "user_permissions": [], "first_name": "", "last_name": "", "groups": [], "is_active": true}, "pk": 19}, {"model": "auth.user", "fields": {"is_superuser": false, "is_staff": false, "date_joined": "2016-08-09T19:22:06.077", "username": "test", "email": "test@test.com", "last_login": "2016-08-09T19:22:11.726", "password": "pbkdf2_sha256$20000$MNsZt2yN8QLy$e4oeCeAZy/JutF97Ax9VBEyFOxdmnT3tNNXidPaN6OI=", "user_permissions": [], "first_name": "", "last_name": "", "groups": [], "is_active": true}, "pk": 20}, {"model": "auth.user", "fields": {"is_superuser": false, "is_staff": false, "date_joined": "2016-08-09T19:22:48.684", "username": "raony.test", "email": "raonyguimaraes+testplos@gmail.com", "last_login": "2016-08-09T19:22:53.098", "password": "pbkdf2_sha256$20000$jbWCO1hvOU4M$j2HTpiVhI4TXubS5i4AEUPKSWA/ruFWrphuTK11SUCU=", "user_permissions": [], "first_name": "", "last_name": "", "groups": [], "is_active": true}, "pk": 21}, {"model": "auth.user", "fields": {"is_superuser": false, "is_staff": false, "date_joined": "2016-08-09T19:24:33.842", "username": "test1234", "email": "raonyguimaraes+plos@gmail.com", "last_login": "2016-08-09T19:24:38.007", "password": "pbkdf2_sha256$20000$X81356m1dga8$bLnPBzjL4Mw9Dv78w4l52MwrmwoD2r7rm5+Yz/BPxe8=", "user_permissions": [], "first_name": "", "last_name": "", "groups": [], "is_active": true}, "pk": 22}, {"model": "auth.user", "fields": {"is_superuser": false, "is_staff": false, "date_joined": "2016-08-09T19:37:35.569", "username": "blah", "email": "raonyguimaraes+blah@gmail.com", "last_login": "2016-08-09T19:37:40.616", "password": "pbkdf2_sha256$20000$HNcinNyVbZX2$PORsTn+BEbwXXc6/YGYVe7dQWtD+9xweXoOamIpYMTM=", "user_permissions": [], "first_name": "", "last_name": "", "groups": [], "is_active": true}, "pk": 23}, {"model": "auth.user", "fields": {"is_superuser": false, "is_staff": false, "date_joined": "2016-08-13T08:24:20.516", "username": "gregor", "email": "raonguimaraes+mendelmd@gmail.com", "last_login": "2016-11-09T18:02:37.668", "password": "pbkdf2_sha256$20000$qdF7y9PvPdwZ$DVvlR/ijLgNV/lpXB2sObvBVbd008nnmG2j/FUue+JQ=", "user_permissions": [], "first_name": "", "last_name": "", "groups": [], "is_active": true}, "pk": 24}, {"model": "auth.user", "fields": {"is_superuser": false, "is_staff": false, "date_joined": "2016-08-16T15:22:04.449", "username": "andrey.leonardo", "email": "andrey.leonardo@gmail.com", "last_login": "2016-12-07T08:31:49.246", "password": "pbkdf2_sha256$20000$thiTzr3nY8m8$tz7FN4TKupkpAF+Lgl8iRTqxx14KOtiAECbpC8kUN0g=", "user_permissions": [], "first_name": "", "last_name": "", "groups": [], "is_active": true}, "pk": 25}, {"model": "auth.user", "fields": {"is_superuser": false, "is_staff": false, "date_joined": "2016-09-01T04:45:53.782", "username": "dheine", "email": "damian.heine@ssib.es", "last_login": "2016-09-01T04:45:58.927", "password": "pbkdf2_sha256$20000$hMCLxVgbuyFW$ksCDS+2BckMCsV5hQF256xib5FjWcWpsbYRUBqwRj/k=", "user_permissions": [], "first_name": "", "last_name": "", "groups": [], "is_active": true}, "pk": 26}, {"model": "auth.user", "fields": {"is_superuser": false, "is_staff": false, "date_joined": "2016-09-06T18:50:39.115", "username": "thiagomafra", "email": "thiagomafra@gmail.com", "last_login": "2016-09-06T18:50:47.342", "password": "pbkdf2_sha256$20000$gQE0ADEndD9c$h6vkrWZWK5Y0w28ZVZXYjyzMfMixvLtwCEepti2Djo0=", "user_permissions": [], "first_name": "", "last_name": "", "groups": [], "is_active": true}, "pk": 27}, {"model": "auth.user", "fields": {"is_superuser": false, "is_staff": false, "date_joined": "2016-09-20T15:19:15.444", "username": "ialbert", "email": "istvan.albert@gmail.com", "last_login": "2016-09-20T15:19:21.110", "password": "pbkdf2_sha256$20000$LN7pElmIwXba$kRjAkQqi2hJf8JiVHsWu/ZMA2aygTy9Hn6HdD31xrao=", "user_permissions": [], "first_name": "", "last_name": "", "groups": [], "is_active": true}, "pk": 28}, {"model": "auth.user", "fields": {"is_superuser": false, "is_staff": false, "date_joined": "2016-09-29T10:18:31.531", "username": "chapmanb", "email": "chapmanb@fastmail.com", "last_login": "2016-09-29T10:18:37.219", "password": "pbkdf2_sha256$20000$Dq5k12UYghqk$tl7v04GlNlbJQVOzaZGT3DPo44onsTxpNfZBVRYkLWY=", "user_permissions": [], "first_name": "", "last_name": "", "groups": [], "is_active": true}, "pk": 29}, {"model": "auth.user", "fields": {"is_superuser": false, "is_staff": false, "date_joined": "2016-09-30T15:14:58.111", "username": "carvalho", "email": "renting@yahoo.com", "last_login": "2016-09-30T15:15:06.359", "password": "pbkdf2_sha256$20000$tNqJNwlyWuGg$QxFypnmkkrhJGtzEURBKbLFFjGr+A6M0bqP3QRU2EEg=", "user_permissions": [], "first_name": "", "last_name": "", "groups": [], "is_active": true}, "pk": 30}, {"model": "auth.user", "fields": {"is_superuser": false, "is_staff": false, "date_joined": "2016-11-08T10:31:42.597", "username": "Elisa", "email": "elisanapolitano@gmail.com", "last_login": "2016-11-08T10:31:48.008", "password": "pbkdf2_sha256$20000$z1SWeGIWnpv3$UOccfWuUMe8dD6alfCmOb8H1UommOAxnfianfveiKDs=", "user_permissions": [], "first_name": "", "last_name": "", "groups": [], "is_active": true}, "pk": 31}, {"model": "auth.user", "fields": {"is_superuser": false, "is_staff": false, "date_joined": "2016-11-08T14:47:11.983", "username": "gitorrezan", "email": "gittorrezan@gmail.com", "last_login": "2016-11-08T14:47:16.480", "password": "pbkdf2_sha256$20000$WCzaMRy3yznV$wBW6h9+LNMELX2d8Tv43Bu3hB0JLulT1bVZRqd17a+A=", "user_permissions": [], "first_name": "", "last_name": "", "groups": [], "is_active": true}, "pk": 32}, {"model": "auth.user", "fields": {"is_superuser": false, "is_staff": false, "date_joined": "2016-11-16T14:23:25.616", "username": "jss", "email": "", "last_login": "2016-11-16T14:23:26.309", "password": "pbkdf2_sha256$20000$nhI0nAS8aSv3$lp0OLa7K09sriTPOQzIS44B5YkXWjdWze0CMVQc5MXQ=", "user_permissions": [], "first_name": "", "last_name": "", "groups": [], "is_active": true}, "pk": 33}, {"model": "auth.user", "fields": {"is_superuser": false, "is_staff": false, "date_joined": "2016-11-28T16:24:50.365", "username": "ednaM", "email": "cedan@gmail.com", "last_login": "2016-11-28T16:24:55.763", "password": "pbkdf2_sha256$20000$mKaVKvyNRKbR$XMisZKjNIXPBBQnZiqFUgyNFD+8T363LT4m+ZvQiqOw=", "user_permissions": [], "first_name": "", "last_name": "", "groups": [], "is_active": true}, "pk": 34}, {"model": "auth.user", "fields": {"is_superuser": false, "is_staff": false, "date_joined": "2016-12-05T17:56:41.650", "username": "cednam@gmail.com", "email": "cednam@gmail.com", "last_login": "2016-12-12T18:26:07.827", "password": "pbkdf2_sha256$20000$lGFT5rDzwqvp$XFFdyZQCDmaWd9ugucdT3ifxXup6sI4RAcaHmmyqeT0=", "user_permissions": [], "first_name": "", "last_name": "", "groups": [], "is_active": true}, "pk": 35}, {"model": "account.emailaddress", "fields": {"verified": true, "primary": true, "user": 3, "email": "nataliaduli@yahoo.com.br"}, "pk": 1}, {"model": "account.emailaddress", "fields": {"verified": false, "primary": true, "user": 4, "email": "fersoardi@gmail.com"}, "pk": 2}, {"model": "account.emailaddress", "fields": {"verified": false, "primary": true, "user": 5, "email": "raonyguimaraes+1@gmail.com"}, "pk": 3}, {"model": "account.emailaddress", "fields": {"verified": false, "primary": true, "user": 6, "email": "patgpcouto@hotmail.com"}, "pk": 4}, {"model": "account.emailaddress", "fields": {"verified": false, "primary": true, "user": 7, "email": "flaviammelo@gmail.com"}, "pk": 5}, {"model": "account.emailaddress", "fields": {"verified": true, "primary": true, "user": 8, "email": "moraesdeborac@gmail.com"}, "pk": 6}, {"model": "account.emailaddress", "fields": {"verified": true, "primary": true, "user": 9, "email": "debora.m.miranda@gmail.com"}, "pk": 7}, {"model": "account.emailaddress", "fields": {"verified": true, "primary": true, "user": 10, "email": "acssjunior@hotmail.com"}, "pk": 8}, {"model": "account.emailaddress", "fields": {"verified": false, "primary": true, "user": 11, "email": "acssjr@gmail.com"}, "pk": 9}, {"model": "account.emailaddress", "fields": {"verified": true, "primary": true, "user": 12, "email": "jillian.casey@ucd.ie"}, "pk": 10}, {"model": "account.emailaddress", "fields": {"verified": false, "primary": true, "user": 13, "email": "paulovini.pg@gmail.com"}, "pk": 11}, {"model": "account.emailaddress", "fields": {"verified": false, "primary": true, "user": 17, "email": "rodrigoalmeida@ufpr.br"}, "pk": 12}, {"model": "account.emailaddress", "fields": {"verified": true, "primary": true, "user": 19, "email": "eoghan.ohalloran2@mail.dcu.ie"}, "pk": 13}, {"model": "account.emailaddress", "fields": {"verified": false, "primary": false, "user": 1, "email": "raonyguimaraes@gmail.com"}, "pk": 14}, {"model": "account.emailaddress", "fields": {"verified": false, "primary": true, "user": 20, "email": "test@test.com"}, "pk": 15}, {"model": "account.emailaddress", "fields": {"verified": false, "primary": true, "user": 21, "email": "raonyguimaraes+testplos@gmail.com"}, "pk": 16}, {"model": "account.emailaddress", "fields": {"verified": false, "primary": true, "user": 22, "email": "raonyguimaraes+plos@gmail.com"}, "pk": 17}, {"model": "account.emailaddress", "fields": {"verified": true, "primary": true, "user": 23, "email": "raonyguimaraes+blah@gmail.com"}, "pk": 18}, {"model": "account.emailaddress", "fields": {"verified": false, "primary": true, "user": 24, "email": "raonguimaraes+mendelmd@gmail.com"}, "pk": 19}, {"model": "account.emailaddress", "fields": {"verified": true, "primary": true, "user": 25, "email": "andrey.leonardo@gmail.com"}, "pk": 20}, {"model": "account.emailaddress", "fields": {"verified": false, "primary": true, "user": 26, "email": "damian.heine@ssib.es"}, "pk": 21}, {"model": "account.emailaddress", "fields": {"verified": true, "primary": true, "user": 27, "email": "thiagomafra@gmail.com"}, "pk": 22}, {"model": "account.emailaddress", "fields": {"verified": true, "primary": true, "user": 28, "email": "istvan.albert@gmail.com"}, "pk": 23}, {"model": "account.emailaddress", "fields": {"verified": true, "primary": true, "user": 29, "email": "chapmanb@fastmail.com"}, "pk": 24}, {"model": "account.emailaddress", "fields": {"verified": true, "primary": true, "user": 30, "email": "renting@yahoo.com"}, "pk": 25}, {"model": "account.emailaddress", "fields": {"verified": true, "primary": true, "user": 31, "email": "elisanapolitano@gmail.com"}, "pk": 26}, {"model": "account.emailaddress", "fields": {"verified": true, "primary": true, "user": 32, "email": "gittorrezan@gmail.com"}, "pk": 27}, {"model": "account.emailaddress", "fields": {"verified": false, "primary": true, "user": 34, "email": "cedan@gmail.com"}, "pk": 28}, {"model": "account.emailaddress", "fields": {"verified": true, "primary": true, "user": 35, "email": "cednam@gmail.com"}, "pk": 29}]